log10(nu_E [GeV]) low,log10(nu_E [GeV]) center,log10(nu_E [GeV]) high,log10(reco_E [GeV]) low,log10(reco_E [GeV]) center,log10(reco_E [GeV]) high,dP/dlog10(nu_E [GeV])
1.000,1.175,1.350,                        1.000,1.175,1.350,                        0.0
1.000,1.175,1.350,                        1.350,1.525,1.700,                        0.0
1.000,1.175,1.350,                        1.700,1.875,2.050,                        0.0
1.000,1.175,1.350,                        2.050,2.225,2.400,                        0.0
1.000,1.175,1.350,                        2.400,2.575,2.750,                        0.0
1.000,1.175,1.350,                        2.750,2.925,3.100,                        0.0
1.000,1.175,1.350,                        3.100,3.275,3.450,                        0.0
1.000,1.175,1.350,                        3.450,3.625,3.800,                        0.0
1.000,1.175,1.350,                        3.800,3.975,4.150,                        0.0
1.000,1.175,1.350,                        4.150,4.325,4.500,                        0.0
1.000,1.175,1.350,                        4.500,4.675,4.850,                        0.0
1.000,1.175,1.350,                        4.850,5.025,5.200,                        0.0
1.000,1.175,1.350,                        5.200,5.375,5.550,                        0.0
1.000,1.175,1.350,                        5.550,5.725,5.900,                        0.0
1.000,1.175,1.350,                        5.900,6.075,6.250,                        0.0
1.000,1.175,1.350,                        6.250,6.425,6.600,                        0.0
1.000,1.175,1.350,                        6.600,6.775,6.950,                        0.0
1.000,1.175,1.350,                        6.950,7.125,7.300,                        0.0
1.000,1.175,1.350,                        7.300,7.475,7.650,                        0.0
1.000,1.175,1.350,                        7.650,7.825,8.000,                        0.0
1.350,1.525,1.700,                        1.000,1.175,1.350,                        0.0
1.350,1.525,1.700,                        1.350,1.525,1.700,                        0.0
1.350,1.525,1.700,                        1.700,1.875,2.050,                        0.0
1.350,1.525,1.700,                        2.050,2.225,2.400,                        0.0
1.350,1.525,1.700,                        2.400,2.575,2.750,                        0.0
1.350,1.525,1.700,                        2.750,2.925,3.100,                        0.0
1.350,1.525,1.700,                        3.100,3.275,3.450,                        0.0
1.350,1.525,1.700,                        3.450,3.625,3.800,                        0.0
1.350,1.525,1.700,                        3.800,3.975,4.150,                        0.0
1.350,1.525,1.700,                        4.150,4.325,4.500,                        0.0
1.350,1.525,1.700,                        4.500,4.675,4.850,                        0.0
1.350,1.525,1.700,                        4.850,5.025,5.200,                        0.0
1.350,1.525,1.700,                        5.200,5.375,5.550,                        0.0
1.350,1.525,1.700,                        5.550,5.725,5.900,                        0.0
1.350,1.525,1.700,                        5.900,6.075,6.250,                        0.0
1.350,1.525,1.700,                        6.250,6.425,6.600,                        0.0
1.350,1.525,1.700,                        6.600,6.775,6.950,                        0.0
1.350,1.525,1.700,                        6.950,7.125,7.300,                        0.0
1.350,1.525,1.700,                        7.300,7.475,7.650,                        0.0
1.350,1.525,1.700,                        7.650,7.825,8.000,                        0.0
1.700,1.875,2.050,                        1.000,1.175,1.350,                        3.0869219923953177
1.700,1.875,2.050,                        1.350,1.525,1.700,                        6.187508551139086
1.700,1.875,2.050,                        1.700,1.875,2.050,                        17.9638563555321
1.700,1.875,2.050,                        2.050,2.225,2.400,                        25.01123045556095
1.700,1.875,2.050,                        2.400,2.575,2.750,                        9.972815840637374
1.700,1.875,2.050,                        2.750,2.925,3.100,                        5.584332534933423
1.700,1.875,2.050,                        3.100,3.275,3.450,                        6.676233438236403
1.700,1.875,2.050,                        3.450,3.625,3.800,                        6.345672260136834
1.700,1.875,2.050,                        3.800,3.975,4.150,                        0.0
1.700,1.875,2.050,                        4.150,4.325,4.500,                        0.0
1.700,1.875,2.050,                        4.500,4.675,4.850,                        0.0
1.700,1.875,2.050,                        4.850,5.025,5.200,                        0.0
1.700,1.875,2.050,                        5.200,5.375,5.550,                        0.0
1.700,1.875,2.050,                        5.550,5.725,5.900,                        0.0
1.700,1.875,2.050,                        5.900,6.075,6.250,                        0.0
1.700,1.875,2.050,                        6.250,6.425,6.600,                        0.0
1.700,1.875,2.050,                        6.600,6.775,6.950,                        0.0
1.700,1.875,2.050,                        6.950,7.125,7.300,                        0.0
1.700,1.875,2.050,                        7.300,7.475,7.650,                        0.0
1.700,1.875,2.050,                        7.650,7.825,8.000,                        0.0
2.050,2.225,2.400,                        1.000,1.175,1.350,                        21.553458401801183
2.050,2.225,2.400,                        1.350,1.525,1.700,                        33.59782626902634
2.050,2.225,2.400,                        1.700,1.875,2.050,                        46.076521783399286
2.050,2.225,2.400,                        2.050,2.225,2.400,                        56.355335705390345
2.050,2.225,2.400,                        2.400,2.575,2.750,                        46.738182932243845
2.050,2.225,2.400,                        2.750,2.925,3.100,                        42.49172470825306
2.050,2.225,2.400,                        3.100,3.275,3.450,                        26.338012125355586
2.050,2.225,2.400,                        3.450,3.625,3.800,                        5.859996764008661
2.050,2.225,2.400,                        3.800,3.975,4.150,                        0.7190704667738493
2.050,2.225,2.400,                        4.150,4.325,4.500,                        0.1498708437480552
2.050,2.225,2.400,                        4.500,4.675,4.850,                        0.0
2.050,2.225,2.400,                        4.850,5.025,5.200,                        0.0
2.050,2.225,2.400,                        5.200,5.375,5.550,                        0.0
2.050,2.225,2.400,                        5.550,5.725,5.900,                        0.0
2.050,2.225,2.400,                        5.900,6.075,6.250,                        0.0
2.050,2.225,2.400,                        6.250,6.425,6.600,                        0.0
2.050,2.225,2.400,                        6.600,6.775,6.950,                        0.0
2.050,2.225,2.400,                        6.950,7.125,7.300,                        0.0
2.050,2.225,2.400,                        7.300,7.475,7.650,                        0.0
2.050,2.225,2.400,                        7.650,7.825,8.000,                        0.0
2.400,2.575,2.750,                        1.000,1.175,1.350,                        10.553276962345327
2.400,2.575,2.750,                        1.350,1.525,1.700,                        19.12575564456162
2.400,2.575,2.750,                        1.700,1.875,2.050,                        25.455235576582066
2.400,2.575,2.750,                        2.050,2.225,2.400,                        35.609625408265664
2.400,2.575,2.750,                        2.400,2.575,2.750,                        51.631426064686835
2.400,2.575,2.750,                        2.750,2.925,3.100,                        75.74954081096308
2.400,2.575,2.750,                        3.100,3.275,3.450,                        53.17712343489781
2.400,2.575,2.750,                        3.450,3.625,3.800,                        13.373061701736457
2.400,2.575,2.750,                        3.800,3.975,4.150,                        1.0810477195659844
2.400,2.575,2.750,                        4.150,4.325,4.500,                        0.12390667639534847
2.400,2.575,2.750,                        4.500,4.675,4.850,                        0.0
2.400,2.575,2.750,                        4.850,5.025,5.200,                        0.0
2.400,2.575,2.750,                        5.200,5.375,5.550,                        0.0
2.400,2.575,2.750,                        5.550,5.725,5.900,                        0.0
2.400,2.575,2.750,                        5.900,6.075,6.250,                        0.0
2.400,2.575,2.750,                        6.250,6.425,6.600,                        0.0
2.400,2.575,2.750,                        6.600,6.775,6.950,                        0.0
2.400,2.575,2.750,                        6.950,7.125,7.300,                        0.0
2.400,2.575,2.750,                        7.300,7.475,7.650,                        0.0
2.400,2.575,2.750,                        7.650,7.825,8.000,                        0.0
2.750,2.925,3.100,                        1.000,1.175,1.350,                        10.996517860453636
2.750,2.925,3.100,                        1.350,1.525,1.700,                        10.192350198563012
2.750,2.925,3.100,                        1.700,1.875,2.050,                        13.10479902578591
2.750,2.925,3.100,                        2.050,2.225,2.400,                        22.62439511265147
2.750,2.925,3.100,                        2.400,2.575,2.750,                        41.94480953622093
2.750,2.925,3.100,                        2.750,2.925,3.100,                        80.13387707584829
2.750,2.925,3.100,                        3.100,3.275,3.450,                        84.84203211670106
2.750,2.925,3.100,                        3.450,3.625,3.800,                        40.18439358923608
2.750,2.925,3.100,                        3.800,3.975,4.150,                        5.020275924168917
2.750,2.925,3.100,                        4.150,4.325,4.500,                        0.2831648641292424
2.750,2.925,3.100,                        4.500,4.675,4.850,                        0.038229042409778695
2.750,2.925,3.100,                        4.850,5.025,5.200,                        0.0
2.750,2.925,3.100,                        5.200,5.375,5.550,                        0.006584225260463437
2.750,2.925,3.100,                        5.550,5.725,5.900,                        0.0
2.750,2.925,3.100,                        5.900,6.075,6.250,                        0.0
2.750,2.925,3.100,                        6.250,6.425,6.600,                        0.0
2.750,2.925,3.100,                        6.600,6.775,6.950,                        0.0
2.750,2.925,3.100,                        6.950,7.125,7.300,                        0.0
2.750,2.925,3.100,                        7.300,7.475,7.650,                        0.0
2.750,2.925,3.100,                        7.650,7.825,8.000,                        0.0
3.100,3.275,3.450,                        1.000,1.175,1.350,                        8.018366874382005
3.100,3.275,3.450,                        1.350,1.525,1.700,                        4.735677642768227
3.100,3.275,3.450,                        1.700,1.875,2.050,                        12.51839485774337
3.100,3.275,3.450,                        2.050,2.225,2.400,                        15.623891024414256
3.100,3.275,3.450,                        2.400,2.575,2.750,                        29.771693695159122
3.100,3.275,3.450,                        2.750,2.925,3.100,                        57.397714694070245
3.100,3.275,3.450,                        3.100,3.275,3.450,                        95.37716528084925
3.100,3.275,3.450,                        3.450,3.625,3.800,                        62.87614179749288
3.100,3.275,3.450,                        3.800,3.975,4.150,                        21.046565474724204
3.100,3.275,3.450,                        4.150,4.325,4.500,                        6.914093639109211
3.100,3.275,3.450,                        4.500,4.675,4.850,                        0.06886644785888263
3.100,3.275,3.450,                        4.850,5.025,5.200,                        0.0
3.100,3.275,3.450,                        5.200,5.375,5.550,                        0.0
3.100,3.275,3.450,                        5.550,5.725,5.900,                        0.0
3.100,3.275,3.450,                        5.900,6.075,6.250,                        0.0
3.100,3.275,3.450,                        6.250,6.425,6.600,                        0.0
3.100,3.275,3.450,                        6.600,6.775,6.950,                        0.0
3.100,3.275,3.450,                        6.950,7.125,7.300,                        0.0
3.100,3.275,3.450,                        7.300,7.475,7.650,                        0.0
3.100,3.275,3.450,                        7.650,7.825,8.000,                        0.0
3.450,3.625,3.800,                        1.000,1.175,1.350,                        1.1613350364968051
3.450,3.625,3.800,                        1.350,1.525,1.700,                        2.645076877339002
3.450,3.625,3.800,                        1.700,1.875,2.050,                        9.62936637635554
3.450,3.625,3.800,                        2.050,2.225,2.400,                        7.463434850761261
3.450,3.625,3.800,                        2.400,2.575,2.750,                        18.647457935550293
3.450,3.625,3.800,                        2.750,2.925,3.100,                        50.80860064371547
3.450,3.625,3.800,                        3.100,3.275,3.450,                        85.61586381457704
3.450,3.625,3.800,                        3.450,3.625,3.800,                        83.96270404732091
3.450,3.625,3.800,                        3.800,3.975,4.150,                        41.9862212844846
3.450,3.625,3.800,                        4.150,4.325,4.500,                        11.267247913176934
3.450,3.625,3.800,                        4.500,4.675,4.850,                        0.35371903717986963
3.450,3.625,3.800,                        4.850,5.025,5.200,                        0.013890382849404812
3.450,3.625,3.800,                        5.200,5.375,5.550,                        0.005081800193090498
3.450,3.625,3.800,                        5.550,5.725,5.900,                        0.0
3.450,3.625,3.800,                        5.900,6.075,6.250,                        0.0
3.450,3.625,3.800,                        6.250,6.425,6.600,                        0.0
3.450,3.625,3.800,                        6.600,6.775,6.950,                        0.0
3.450,3.625,3.800,                        6.950,7.125,7.300,                        0.0
3.450,3.625,3.800,                        7.300,7.475,7.650,                        0.0
3.450,3.625,3.800,                        7.650,7.825,8.000,                        0.0
3.800,3.975,4.150,                        1.000,1.175,1.350,                        0.7266269757977557
3.800,3.975,4.150,                        1.350,1.525,1.700,                        9.84176065459744
3.800,3.975,4.150,                        1.700,1.875,2.050,                        2.4285412079543693
3.800,3.975,4.150,                        2.050,2.225,2.400,                        5.706604050856015
3.800,3.975,4.150,                        2.400,2.575,2.750,                        16.266655035336278
3.800,3.975,4.150,                        2.750,2.925,3.100,                        24.108142507876615
3.800,3.975,4.150,                        3.100,3.275,3.450,                        65.0467836703671
3.800,3.975,4.150,                        3.450,3.625,3.800,                        86.77836690915095
3.800,3.975,4.150,                        3.800,3.975,4.150,                        85.98122215411999
3.800,3.975,4.150,                        4.150,4.325,4.500,                        26.460245873227773
3.800,3.975,4.150,                        4.500,4.675,4.850,                        2.5798596219432732
3.800,3.975,4.150,                        4.850,5.025,5.200,                        0.1469017379202848
3.800,3.975,4.150,                        5.200,5.375,5.550,                        0.0025753151381069516
3.800,3.975,4.150,                        5.550,5.725,5.900,                        0.0
3.800,3.975,4.150,                        5.900,6.075,6.250,                        0.0
3.800,3.975,4.150,                        6.250,6.425,6.600,                        0.0
3.800,3.975,4.150,                        6.600,6.775,6.950,                        0.0
3.800,3.975,4.150,                        6.950,7.125,7.300,                        0.0
3.800,3.975,4.150,                        7.300,7.475,7.650,                        0.0
3.800,3.975,4.150,                        7.650,7.825,8.000,                        0.0
4.150,4.325,4.500,                        1.000,1.175,1.350,                        0.4173018254840727
4.150,4.325,4.500,                        1.350,1.525,1.700,                        7.190131708681619
4.150,4.325,4.500,                        1.700,1.875,2.050,                        7.156246101511824
4.150,4.325,4.500,                        2.050,2.225,2.400,                        5.025862664481043
4.150,4.325,4.500,                        2.400,2.575,2.750,                        13.98251024325164
4.150,4.325,4.500,                        2.750,2.925,3.100,                        18.39993583343189
4.150,4.325,4.500,                        3.100,3.275,3.450,                        44.05040288288865
4.150,4.325,4.500,                        3.450,3.625,3.800,                        76.34007056410985
4.150,4.325,4.500,                        3.800,3.975,4.150,                        87.69165034179524
4.150,4.325,4.500,                        4.150,4.325,4.500,                        56.67304800840033
4.150,4.325,4.500,                        4.500,4.675,4.850,                        17.594170770561853
4.150,4.325,4.500,                        4.850,5.025,5.200,                        2.5754144645409505
4.150,4.325,4.500,                        5.200,5.375,5.550,                        0.09754030514701306
4.150,4.325,4.500,                        5.550,5.725,5.900,                        0.0
4.150,4.325,4.500,                        5.900,6.075,6.250,                        0.0
4.150,4.325,4.500,                        6.250,6.425,6.600,                        0.0
4.150,4.325,4.500,                        6.600,6.775,6.950,                        0.0
4.150,4.325,4.500,                        6.950,7.125,7.300,                        0.0
4.150,4.325,4.500,                        7.300,7.475,7.650,                        0.0
4.150,4.325,4.500,                        7.650,7.825,8.000,                        0.0
4.500,4.675,4.850,                        1.000,1.175,1.350,                        0.31991773507357263
4.500,4.675,4.850,                        1.350,1.525,1.700,                        0.7427854226198061
4.500,4.675,4.850,                        1.700,1.875,2.050,                        0.999131768001569
4.500,4.675,4.850,                        2.050,2.225,2.400,                        2.2265837699361417
4.500,4.675,4.850,                        2.400,2.575,2.750,                        10.210493946617488
4.500,4.675,4.850,                        2.750,2.925,3.100,                        13.20890845958299
4.500,4.675,4.850,                        3.100,3.275,3.450,                        34.195587937702825
4.500,4.675,4.850,                        3.450,3.625,3.800,                        55.416587846399146
4.500,4.675,4.850,                        3.800,3.975,4.150,                        62.29653593675509
4.500,4.675,4.850,                        4.150,4.325,4.500,                        66.38504321618629
4.500,4.675,4.850,                        4.500,4.675,4.850,                        47.622066352660944
4.500,4.675,4.850,                        4.850,5.025,5.200,                        14.380890283011919
4.500,4.675,4.850,                        5.200,5.375,5.550,                        1.166534051821905
4.500,4.675,4.850,                        5.550,5.725,5.900,                        0.030069657034062214
4.500,4.675,4.850,                        5.900,6.075,6.250,                        0.004577902310762799
4.500,4.675,4.850,                        6.250,6.425,6.600,                        0.0
4.500,4.675,4.850,                        6.600,6.775,6.950,                        0.0
4.500,4.675,4.850,                        6.950,7.125,7.300,                        0.0
4.500,4.675,4.850,                        7.300,7.475,7.650,                        0.0
4.500,4.675,4.850,                        7.650,7.825,8.000,                        0.0
4.850,5.025,5.200,                        1.000,1.175,1.350,                        1.003146107369335
4.850,5.025,5.200,                        1.350,1.525,1.700,                        0.48332471886452183
4.850,5.025,5.200,                        1.700,1.875,2.050,                        0.9261156543140487
4.850,5.025,5.200,                        2.050,2.225,2.400,                        2.5831421319489962
4.850,5.025,5.200,                        2.400,2.575,2.750,                        3.9001975289023942
4.850,5.025,5.200,                        2.750,2.925,3.100,                        12.432963390947991
4.850,5.025,5.200,                        3.100,3.275,3.450,                        21.11544068561369
4.850,5.025,5.200,                        3.450,3.625,3.800,                        37.687998158860665
4.850,5.025,5.200,                        3.800,3.975,4.150,                        46.49735057255998
4.850,5.025,5.200,                        4.150,4.325,4.500,                        50.59041680185165
4.850,5.025,5.200,                        4.500,4.675,4.850,                        57.923258306903634
4.850,5.025,5.200,                        4.850,5.025,5.200,                        42.582138819247156
4.850,5.025,5.200,                        5.200,5.375,5.550,                        12.666804060016458
4.850,5.025,5.200,                        5.550,5.725,5.900,                        0.8860448118297956
4.850,5.025,5.200,                        5.900,6.075,6.250,                        0.059202288678710066
4.850,5.025,5.200,                        6.250,6.425,6.600,                        0.005313104948318024
4.850,5.025,5.200,                        6.600,6.775,6.950,                        0.0
4.850,5.025,5.200,                        6.950,7.125,7.300,                        0.0
4.850,5.025,5.200,                        7.300,7.475,7.650,                        0.0
4.850,5.025,5.200,                        7.650,7.825,8.000,                        0.0
5.200,5.375,5.550,                        1.000,1.175,1.350,                        0.13963327494016076
5.200,5.375,5.550,                        1.350,1.525,1.700,                        0.3967788258615813
5.200,5.375,5.550,                        1.700,1.875,2.050,                        0.8283195732973885
5.200,5.375,5.550,                        2.050,2.225,2.400,                        2.309934357609944
5.200,5.375,5.550,                        2.400,2.575,2.750,                        3.1300333794468798
5.200,5.375,5.550,                        2.750,2.925,3.100,                        14.362091289965129
5.200,5.375,5.550,                        3.100,3.275,3.450,                        20.307701504048076
5.200,5.375,5.550,                        3.450,3.625,3.800,                        39.635831048835
5.200,5.375,5.550,                        3.800,3.975,4.150,                        37.78161494319953
5.200,5.375,5.550,                        4.150,4.325,4.500,                        39.60544555404544
5.200,5.375,5.550,                        4.500,4.675,4.850,                        50.92285860745359
5.200,5.375,5.550,                        4.850,5.025,5.200,                        44.86796534762444
5.200,5.375,5.550,                        5.200,5.375,5.550,                        38.61712124339272
5.200,5.375,5.550,                        5.550,5.725,5.900,                        11.446289804761623
5.200,5.375,5.550,                        5.900,6.075,6.250,                        3.845399675237145
5.200,5.375,5.550,                        6.250,6.425,6.600,                        0.04298157028153564
5.200,5.375,5.550,                        6.600,6.775,6.950,                        0.0
5.200,5.375,5.550,                        6.950,7.125,7.300,                        0.0
5.200,5.375,5.550,                        7.300,7.475,7.650,                        0.0
5.200,5.375,5.550,                        7.650,7.825,8.000,                        0.0
5.550,5.725,5.900,                        1.000,1.175,1.350,                        0.14245070856900868
5.550,5.725,5.900,                        1.350,1.525,1.700,                        0.3399966639584255
5.550,5.725,5.900,                        1.700,1.875,2.050,                        0.3592185782019329
5.550,5.725,5.900,                        2.050,2.225,2.400,                        1.2071370002319897
5.550,5.725,5.900,                        2.400,2.575,2.750,                        2.5482736696296016
5.550,5.725,5.900,                        2.750,2.925,3.100,                        6.084358903874859
5.550,5.725,5.900,                        3.100,3.275,3.450,                        22.301593547326426
5.550,5.725,5.900,                        3.450,3.625,3.800,                        29.284546382061485
5.550,5.725,5.900,                        3.800,3.975,4.150,                        34.34929165958617
5.550,5.725,5.900,                        4.150,4.325,4.500,                        33.82725373156009
5.550,5.725,5.900,                        4.500,4.675,4.850,                        36.15092084673791
5.550,5.725,5.900,                        4.850,5.025,5.200,                        51.65136194574298
5.550,5.725,5.900,                        5.200,5.375,5.550,                        43.91833903124727
5.550,5.725,5.900,                        5.550,5.725,5.900,                        32.3124591525676
5.550,5.725,5.900,                        5.900,6.075,6.250,                        12.158416665135977
5.550,5.725,5.900,                        6.250,6.425,6.600,                        1.2260116252828164
5.550,5.725,5.900,                        6.600,6.775,6.950,                        0.0640841739999757
5.550,5.725,5.900,                        6.950,7.125,7.300,                        0.0
5.550,5.725,5.900,                        7.300,7.475,7.650,                        0.0
5.550,5.725,5.900,                        7.650,7.825,8.000,                        0.0
5.900,6.075,6.250,                        1.000,1.175,1.350,                        0.136009591684963
5.900,6.075,6.250,                        1.350,1.525,1.700,                        0.22271308054914807
5.900,6.075,6.250,                        1.700,1.875,2.050,                        0.4143252490946753
5.900,6.075,6.250,                        2.050,2.225,2.400,                        1.100841350399185
5.900,6.075,6.250,                        2.400,2.575,2.750,                        2.2221937851232454
5.900,6.075,6.250,                        2.750,2.925,3.100,                        5.322122885290452
5.900,6.075,6.250,                        3.100,3.275,3.450,                        12.920486402405118
5.900,6.075,6.250,                        3.450,3.625,3.800,                        20.14746624802789
5.900,6.075,6.250,                        3.800,3.975,4.150,                        31.70693171836121
5.900,6.075,6.250,                        4.150,4.325,4.500,                        29.88307331432639
5.900,6.075,6.250,                        4.500,4.675,4.850,                        36.08183379332898
5.900,6.075,6.250,                        4.850,5.025,5.200,                        48.62091009464027
5.900,6.075,6.250,                        5.200,5.375,5.550,                        39.65699503235354
5.900,6.075,6.250,                        5.550,5.725,5.900,                        40.63402745963812
5.900,6.075,6.250,                        5.900,6.075,6.250,                        37.75860620114645
5.900,6.075,6.250,                        6.250,6.425,6.600,                        17.14479727851399
5.900,6.075,6.250,                        6.600,6.775,6.950,                        0.9906849437070497
5.900,6.075,6.250,                        6.950,7.125,7.300,                        0.024552999980994555
5.900,6.075,6.250,                        7.300,7.475,7.650,                        0.0
5.900,6.075,6.250,                        7.650,7.825,8.000,                        0.0
6.250,6.425,6.600,                        1.000,1.175,1.350,                        0.1158916700298381
6.250,6.425,6.600,                        1.350,1.525,1.700,                        0.15830152866639471
6.250,6.425,6.600,                        1.700,1.875,2.050,                        0.3490689663424355
6.250,6.425,6.600,                        2.050,2.225,2.400,                        0.7559938613723843
6.250,6.425,6.600,                        2.400,2.575,2.750,                        1.8150917425604618
6.250,6.425,6.600,                        2.750,2.925,3.100,                        4.623556411105568
6.250,6.425,6.600,                        3.100,3.275,3.450,                        16.479492712562603
6.250,6.425,6.600,                        3.450,3.625,3.800,                        17.466218886228514
6.250,6.425,6.600,                        3.800,3.975,4.150,                        23.267463848580025
6.250,6.425,6.600,                        4.150,4.325,4.500,                        31.486789394789223
6.250,6.425,6.600,                        4.500,4.675,4.850,                        25.801201371779943
6.250,6.425,6.600,                        4.850,5.025,5.200,                        40.39655542512684
6.250,6.425,6.600,                        5.200,5.375,5.550,                        45.45989733063759
6.250,6.425,6.600,                        5.550,5.725,5.900,                        36.23531564805138
6.250,6.425,6.600,                        5.900,6.075,6.250,                        45.41835326160532
6.250,6.425,6.600,                        6.250,6.425,6.600,                        36.767160855398245
6.250,6.425,6.600,                        6.600,6.775,6.950,                        10.358338538250491
6.250,6.425,6.600,                        6.950,7.125,7.300,                        0.6461246538347079
6.250,6.425,6.600,                        7.300,7.475,7.650,                        0.016326750221127076
6.250,6.425,6.600,                        7.650,7.825,8.000,                        0.0
6.600,6.775,6.950,                        1.000,1.175,1.350,                        0.05326049965211734
6.600,6.775,6.950,                        1.350,1.525,1.700,                        0.22945488107624223
6.600,6.775,6.950,                        1.700,1.875,2.050,                        0.3189865396078466
6.600,6.775,6.950,                        2.050,2.225,2.400,                        0.6244920370202132
6.600,6.775,6.950,                        2.400,2.575,2.750,                        1.444185978511332
6.600,6.775,6.950,                        2.750,2.925,3.100,                        4.159743384664007
6.600,6.775,6.950,                        3.100,3.275,3.450,                        9.466012551711428
6.600,6.775,6.950,                        3.450,3.625,3.800,                        14.60130145969931
6.600,6.775,6.950,                        3.800,3.975,4.150,                        21.94877306908341
6.600,6.775,6.950,                        4.150,4.325,4.500,                        22.786471126591167
6.600,6.775,6.950,                        4.500,4.675,4.850,                        30.2726703672028
6.600,6.775,6.950,                        4.850,5.025,5.200,                        26.61235513239853
6.600,6.775,6.950,                        5.200,5.375,5.550,                        57.90028188835445
6.600,6.775,6.950,                        5.550,5.725,5.900,                        30.45123692315969
6.600,6.775,6.950,                        5.900,6.075,6.250,                        49.33806127954289
6.600,6.775,6.950,                        6.250,6.425,6.600,                        32.91969328967294
6.600,6.775,6.950,                        6.600,6.775,6.950,                        31.320822030773385
6.600,6.775,6.950,                        6.950,7.125,7.300,                        8.340603534187093
6.600,6.775,6.950,                        7.300,7.475,7.650,                        0.1373083128056715
6.600,6.775,6.950,                        7.650,7.825,8.000,                        0.0
6.950,7.125,7.300,                        1.000,1.175,1.350,                        0.045321963262885595
6.950,7.125,7.300,                        1.350,1.525,1.700,                        0.18555596134932073
6.950,7.125,7.300,                        1.700,1.875,2.050,                        0.3526087914872543
6.950,7.125,7.300,                        2.050,2.225,2.400,                        0.6608921205803109
6.950,7.125,7.300,                        2.400,2.575,2.750,                        1.4149252457212942
6.950,7.125,7.300,                        2.750,2.925,3.100,                        3.5983931086852268
6.950,7.125,7.300,                        3.100,3.275,3.450,                        8.963463266996554
6.950,7.125,7.300,                        3.450,3.625,3.800,                        13.666390016819788
6.950,7.125,7.300,                        3.800,3.975,4.150,                        17.804837970498568
6.950,7.125,7.300,                        4.150,4.325,4.500,                        19.444368100447576
6.950,7.125,7.300,                        4.500,4.675,4.850,                        26.786573827679096
6.950,7.125,7.300,                        4.850,5.025,5.200,                        21.554167797133818
6.950,7.125,7.300,                        5.200,5.375,5.550,                        28.38561855766942
6.950,7.125,7.300,                        5.550,5.725,5.900,                        27.05030337447257
6.950,7.125,7.300,                        5.900,6.075,6.250,                        69.6012105273433
6.950,7.125,7.300,                        6.250,6.425,6.600,                        40.330552703359224
6.950,7.125,7.300,                        6.600,6.775,6.950,                        34.27982729446525
6.950,7.125,7.300,                        6.950,7.125,7.300,                        27.020628796713563
6.950,7.125,7.300,                        7.300,7.475,7.650,                        7.358027214151074
6.950,7.125,7.300,                        7.650,7.825,8.000,                        0.11919050402131148
7.300,7.475,7.650,                        1.000,1.175,1.350,                        0.11695416017251768
7.300,7.475,7.650,                        1.350,1.525,1.700,                        0.17374385840365736
7.300,7.475,7.650,                        1.700,1.875,2.050,                        0.11268786131488018
7.300,7.475,7.650,                        2.050,2.225,2.400,                        0.5855839581059008
7.300,7.475,7.650,                        2.400,2.575,2.750,                        1.4598778494104423
7.300,7.475,7.650,                        2.750,2.925,3.100,                        3.4728032586188045
7.300,7.475,7.650,                        3.100,3.275,3.450,                        7.733177465307554
7.300,7.475,7.650,                        3.450,3.625,3.800,                        14.971453553111886
7.300,7.475,7.650,                        3.800,3.975,4.150,                        16.779276787463512
7.300,7.475,7.650,                        4.150,4.325,4.500,                        17.50671642743227
7.300,7.475,7.650,                        4.500,4.675,4.850,                        18.572479105214285
7.300,7.475,7.650,                        4.850,5.025,5.200,                        26.123606298668456
7.300,7.475,7.650,                        5.200,5.375,5.550,                        38.289357062533945
7.300,7.475,7.650,                        5.550,5.725,5.900,                        28.291885657483228
7.300,7.475,7.650,                        5.900,6.075,6.250,                        38.49354539924959
7.300,7.475,7.650,                        6.250,6.425,6.600,                        31.59862404150917
7.300,7.475,7.650,                        6.600,6.775,6.950,                        31.331649424904345
7.300,7.475,7.650,                        6.950,7.125,7.300,                        30.673142659052093
7.300,7.475,7.650,                        7.300,7.475,7.650,                        21.84209150371336
7.300,7.475,7.650,                        7.650,7.825,8.000,                        2.814200811187497
7.650,7.825,8.000,                        1.000,1.175,1.350,                        0.13160243414337197
7.650,7.825,8.000,                        1.350,1.525,1.700,                        0.1708204953194443
7.650,7.825,8.000,                        1.700,1.875,2.050,                        0.21687165778192152
7.650,7.825,8.000,                        2.050,2.225,2.400,                        0.6145565388638424
7.650,7.825,8.000,                        2.400,2.575,2.750,                        1.2243132252006248
7.650,7.825,8.000,                        2.750,2.925,3.100,                        2.766156212247565
7.650,7.825,8.000,                        3.100,3.275,3.450,                        7.323515251620115
7.650,7.825,8.000,                        3.450,3.625,3.800,                        11.21562997690766
7.650,7.825,8.000,                        3.800,3.975,4.150,                        21.16011947243019
7.650,7.825,8.000,                        4.150,4.325,4.500,                        15.364099239133179
7.650,7.825,8.000,                        4.500,4.675,4.850,                        18.029612979807595
7.650,7.825,8.000,                        4.850,5.025,5.200,                        17.604703641922896
7.650,7.825,8.000,                        5.200,5.375,5.550,                        19.28286449720117
7.650,7.825,8.000,                        5.550,5.725,5.900,                        42.18223562544076
7.650,7.825,8.000,                        5.900,6.075,6.250,                        21.19441210886997
7.650,7.825,8.000,                        6.250,6.425,6.600,                        30.10168941592785
7.650,7.825,8.000,                        6.600,6.775,6.950,                        32.89737953783956
7.650,7.825,8.000,                        6.950,7.125,7.300,                        29.553201752809905
7.650,7.825,8.000,                        7.300,7.475,7.650,                        33.50993821850493
7.650,7.825,8.000,                        7.650,7.825,8.000,                        15.759134860884828
